Name,Latitude,Longitude
Puttenahalli park,13.110557,77.580365
SFS 208 Opp to Mother Dairy and 1st Main Park P 208 1 Park,13.099303,77.574431
SFS 208 Opp to Mother dairy 2nd Main P 208 2 Park No 2,13.099846,77.575161
SFS 407 1st and 3rd e 208 Main Park P 407 3,13.102118,77.573854
SFS 208 1st Main and 2nd Main Behind to House No 1  P 208 5,13.099616,77.572693
SFS 208 1st Main and 2nd Main  P 208 6,13.099512,77.571792
SFS 208 2nd Main and 4th Main  P 208 7 and 8,13.100473,77.572092
SFS 407 4th Main and SFS 707 Main in Yelahanka Newtown,13.101273,77.57265
SFS 407 4th Main P 407 1 in Yelahanka Newtown,13.103244,77.572402
SFS 407 2nd Cross Between Apartment in Yelahanka Newtown,13.106905,77.572304
4th Phase Nagarjuna Apartment Park 5  9,13.109046,77.579178
SFS 407 3rd A and 4th A Main in Yelahanka Newtown P 407 2,13.103175,77.57459
SFS 407 6th Cross Vinayaka Temple park,13.102848,77.571879
SFS 407 12th Main EXP 63 park in Yelahanka Newtown,13.105746,77.57104
Doddaballapura Double road park in Yelahanka newtown,13.102163,77.585446
4th Phase 3rd Cross Opp to House No 229 in Yelahanka Newtown,13.105807,77.576335
4th Phase 1st Cross Opp to House No 90 in Yelahanka Newtown,13.106465,77.574198
2nd Main 5th Phase in Yelahanka Newtown 5 6,13.106896,77.573146
4th Phase 5th Cross House No 381 C 5 Park in Yelahanka Newtown,13.106598,77.575947
SFS 208 1st Main 2nd Cross,13.10018,77.576137
SFS 407 4thMain Air quartess compound park,13.102049,77.576165
4th Phase th Main Park in Yelahanka Newtown P 5 10,13.105805,77.57558
4th Phase 6th Cross House No 20 C 1,13.102907,77.576343
5th Phase 8th Main Park No 2 in Yelahanka Newtown,13.103529,77.571021
2nd and 3rd Main CHS 707 Govt School Ganapathi Temple park C 6,13.104862,77.575418
4th Phase 2nd Cross House No 141 park in Yelahanka Newtown,13.106244,77.577526
4th Phase 12th Cross Opp to House No 637 park in Yelahaka Newtown,13.105107,77.574858
Park at SFS 208 3rd Cross and  4th Main P 208 9  in Yelahanka newtown,13.098623,77.572039
Park at Yelahanka 4th Phase 1st Cross opp to  House No 590 C 7 in Yelahankanewtown,13.106783,77.574121
Park at 4th phase Behind to Mirindaa school  in Yelahanka newtown,13.108679,77.580148
Near Sabhram Collage  in Sai Garden Laout park No 1,13.089246,77.546618
Near Sabhram Collage  in Sai Garden Laout park No 2,13.088904,77.546653
Near Sabhram Collage  in Sai Garden Laout park No 3,13.088322,77.546928
Near Sabhram Collage  in Sai Garden Laout park No 4,13.088283,77.547061
Near Sabhram Collage  in Sai Garden Laout park No 5,13.088176,77.546313
"3rd Cross, Industriel area in Yelahanka Newtown Park",13.104875,77.575532
Deo Marvel layout 5th Main park,13.113181,77.567815
Deo Marvel layout  5th Main park,13.113273,77.568146
GKVK Layout Park No 2,13.08208,77.604375
3rd and 4th Cross park in MCEHS layout,13.071487,77.626653
12th and 13th Cross B Sector P B 5 in Yelahanka Newtown,13.095703,77.581462
3rd and 4th Main P A 2 in Yelahanka Newtown,13.095818,77.581634
6th and 7th Main Opp to RTO Office P B 1 in Yelahanka Newtown,13.09893,77.582574
GKVK Park Judicial layout  in Yelahanka,13.083063,77.587478
6th and 7th Main OM Prakruthi park P B 2 in Yelahanka Newtown,13.096737,77.579928
3rd and 4th Main P B 4 in Yelahanka Newtown,13.095797,77.581688
4th and 5th Cross P A 5 in Yelahanka Newtown,13.097427,77.586505
Telecome Layout JNIAS park,13.069705,77.610673
11th Main 5th Cross A Sector in Yelahanka Newtown P A 1,13.095515,77.586215
Judicial layout,13.082259,77.586865
B Sector 20th and 21st Cross P B 8 in Yelahanka Newtown,13.096081,77.578142
Allalasandra park,13.083141,77.587499
16th B Anjaneya temple park in yelahanka Newtown,13.095845,77.579221
17th and 18th Cross B Sector in Yelahanka Newtown,13.098315,77.576892
7th B Main B Sector Sharadanagara Arch in Yelahanka Newtown,13.097157,77.580482
22nd and 24th Cross P B 10 in Yelahanka Newtown,13.0959,77.57724
Judicial layout Kanaka nagara park,13.079095,77.590355
16th B Cross Opp to House No 1150 inYelahanka newtown,13.093722,77.582285
6th and 7th Main A sector in Yelahanka Newtown P A 3,13.097407,77.586323
Yelahanka Mother Dairy Boulevard,13.095326,77.571271
10th and 11th Main  A Sector P A 4 park in Yelahanka new town,13.094428,77.587782
6th and 7th Main B Sector Basavalingappa  Park in Yelahanka Newtown P B 2,13.097605,77.581023
9th and 10th Main B Sector P B 3 in Yelahanka Newtown,13.09825,77.579699
22nd Cross park in Yelahanka Newtown P B 9,13.096229,77.576968
Agrahara Layout Hospital premises pak,13.073092,77.599477
Jakkuru Aerodrum park,13.079006,77.593457
Near Dwaraka Nagara School Park,13.083093,77.606474
Near  Ashrama in Kattigenahalli park,13.12245,77.621724
Telecom layout park,12.967038,77.549701
Prakruthi layout park in Kogilu Road,13.108605,77.62199
Near  Railway Gate   park in MCEHS layout,13.078666,77.6099
Vinfield Layout  Main Road park,13.072525,77.61716
3rd and 4th Cross in Vinfield layout park,13.072164,77.613716
MCEHS Layout park,13.069735,77.628073
Bhuvaneshwarinagara park,13.054213,77.602293
5th Cross  Shabhari Nagara park Hegade nagara,13.070281,77.637109
8th cross park in MCEHS Layout,13.069735,77.628073
Rachenahalli park,13.063592,77.616566
Near Chamundi Temple Bhuvaneshwari layout park  in Rachenahalli,13.054658,77.602396
Coffee Board layout park,13.049733,77.605014
Kodigehalli Gundanjaneya Temple,13.058005,77.591249
Ravishankar layout Sanjeevini nagara park,13.051439,77.590248
Sahakaranagara park No 01,13.059301,77.590664
UAS Layout Jakkuru,13.082569,77.603887
Amrutha nagara,13.057632,77.598194
Sahakaranagara Park No 02,13.059691,77.590044
3rd phase UAS layout in Jakkuru,13.082247,77.604348
UAS layout Shivanahalli park in Jakkuru,13.083634,77.604995
UAS Layout Narasimhaswamy Road park in Jakkuru,13.081538,77.607152
UAS Layout Chandra shekara kabmara road park in Jakkuru,13.081574,77.603037
Sahakarangara Park No 03,13.062497,77.586243
Tata nagara layout park,13.054751,77.574316
Sahakaranagara CQAL Layout park,13.062889,77.581928
Vidyaranyapura NTI Layout park,13.078423,77.555505
TATa Nagara park No 02,13.069934,77.584821
HMT Layout in Vidyaranyapura,13.080096,77.556566
Canarabank layout Ganesha Temple park,13.076046,77.554539
3rd Block Anjaneyatemple park in Vidyaranyapura,13.071171,77.556747
Canarabank 7th Cross park,13.073302,77.55668
Vidyaranyapura 6th Block and Main park,13.082466,77.56235
Vidyaranyapura BEL Layout 6th Block 4th and 6th Main park,13.083787,77.5619
Vidyaranyapura 6th Block park,13.082724,77.563406
Vidyaranyapura 6th Block Near Bus stop park,13.084761,77.563702
BEL Layout 6th Block  park No  04,13.083128,77.56311
Near Govt School  park in Thindlu village,13.074229,77.566428
Vidyaranyapura 2nd Block 4th Main park,13.071076,77.556855
Vidyaranyapura Defence layout Devematha School park,13.083713,77.557349
Singapura paradise layout park,13.084495,77.54216
Ganesha layout park in M S Palya,13.08373,77.547581
Ramachandrapura park,13.058586,77.549447
Gutte Vinayaka Temple park in Kuvempu Nagara,13.087539,77.544246
Lakkappa layout park in Singapura Circle,13.080893,77.537414
Abbigere Hospital park,13.070317,77.527252
Vishweshwaraiah Enclave park,13.070448,77.527119
Aladamara park,12.989455,77.535929
(1) Anjeniya swamy Temple part ,13.077692,77.525564
(2) Gelayara balaga Part-1 ,13.067068,77.503779
(3) Gelayara Balaga part- 2.,13.070793,77.5091
"Airforce park, Mallasandra",13.059948,77.515961
PiPeline Park Mallsandra,13.05035,77.516813
Airforce Road park,13.060254,77.516118
Muthuraya swamy temple park,13.056894,77.511257
"Ramaiah Layout, Park part -2",13.048854,77.504246
BBMP Offices Park,13.057932,77.501621
"Ravi Kirloskar Layout park, part-3",13.055884,77.484237
"MEI Layout park, part-3",13.06066,77.506522
"Ravi Kirlosker Layout park, part-2",13.051338,77.484371
"MEI Layout park, part-2",13.060162,77.506498
Nelamaheshwaramma Temple Park,13.055178,77.491291
Ravi Kirloskar park Part-1,13.053733,77.486944
"Ramaiah Layout park, Part 1",13.047733,77.503937
Maintenance of Sharadhamba Nagar Park,13.046774,77.55354
Maintenance of Sundr Nagar Park (Mattikere),13.04104,77.558328
Maintainence of JP Park,13.034886,77.553394
Maintenance of SBM Colony Park,13.038227,77.554122
80 fite road park,13.028165,77.573781
"Judicial Layput, 1St main",13.035,77.572843
"Isro main Road, Insidepark",13.034994,77.572828
RMV 2nd stage 3rd main road Boleward Park part 1,13.043501,77.568341
MLA Layout 1st main road Park,13.018911,77.591087
"R M V 2nd stage, 4th A Main road, trangal Park",13.0308,77.5733
"Bandea Colony park, geddala halli",13.028422,77.575683
"R MV 2nd stage, 3rd main, Buleward park part-2",13.041572,77.568238
"R M V 2nd stage, 3rd Main, Major Water Canel Park",13.04045,77.568308
"A.G.S Layout, 1st Main road Park Part-1",13.032503,77.563442
"R.M.V 2nd Stage, 4th Corss, Near Kanthi Sweets Park",13.034439,77.569718
"R MV 2nd Stage, Soundarya Park",13.031914,77.577286
"AECS Lyt, 4th Main, HT Line Part 1",13.038827,77.574713
"AECS Lyt,4 th MainH Line Part 2",13.038927,77.574922
Sanjaynagara Main Jyothivana Park,13.033915,77.575495
AGS badavane Park-2,13.035469,77.563605
NTI Badavane RSLP Park,13.041171,77.571015
M L A LaYOUT 4TH sTAGE,13.028137,77.574426
Sanjaynagara main road,13.031747,77.577439
"k E B Layout, 40 fit Corss Road",13.031201,77.580742
Raghuvana Park Sanjay nagara,13.039761,77.577564
Vinayaka Badavane 4th main road,13.044153,77.578374
"N G E F Badavane, 4th Main Road",13.033855,77.576081
AECS Park 7th Main,13.037714,77.57496
AECS Park 7th main road,13.034379,77.578804
"Postle Colony, 4th main Road",13.03487,77.576756
UAS Maion Road Part-1 (2nd Main Road),13.03762,77.56639
Vimanavana AECS Lyt Park,13.038052,77.571055
"Central Exice Layout, 3rd Main, Sanjaynagar",13.041545,77.581445
RMV 2nd stage 6th &7th cross Park,13.042691,77.567219
RMV 2nd Stage C E Layout 3rd main Childran Park,13.020786,77.57781
RMV 2nd Stage Park,13.04167,77.570173
UV S Badavane Part -3,13.041595,77.577067
UAS Badavane Part-2,13.04146,77.577659
"1st main road, word offices",13.03444,77.593913
Sri Sidda vinayaka Badavane !st main road,13.024964,77.583109
Ganganagra Viewers Colony,13.029263,77.588846
Laxiah Prak,13.027253,77.586661
Veternaray College Compound Park Part-1\,13.028722,77.585621
Aluminum Association Opp Park,13.03002,77.586141
Veternary College Compound Park Part 2,13.029355,77.585885
Sri Siddivinayaka Badavane Park,13.034072,77.590328
Veternary Hospital Opp Park Ganganagara,13.027822,77.585228
"MSH layout, Anand nagar",13.030925,77.592784
MSH Layout Near SW Drian Anand Nagar,13.030668,77.593598
"AmaraJyothi Nagar, Cholanayakana halli",13.035473,77.596591
Anand Nagara ward Oficces Near 5th Corss Anand Nagar,13.03092,77.59008
Capt. Kivn Kumar Park,13.031467,77.591531
"5th cross, near dry waste centre SBM Colony Anand nagar Prak",13.030653,77.588741
V V Nagara HMT Layout Vishveshwaraiah Park,13.02862,77.595323
Hoysala park HBR 2nd Block,13.025211,77.626179
"HBR Lyt, 1St Stage, 4th Block, Ring Road Park",13.032429,77.629317
"HBR Lyt, 1st Stage, 4th Block, 7th Main Park",13.0292,77.633102
"HBR Lyt, 1st Stage, 3rd Block, Ganesha Temple Road",13.02727,77.627364
"HBR Lyt,1st Stage, 3rd Block, Part-1",13.025886,77.627761
"HBR Lyt,1st Stage 3rd Block Part-2",13.025886,77.627761
Ambedkar Statue Park,13.032805,77.660074
Horamavu ward office park,13.0283526,77.662922
Ramamurthy Nagara Kalkere park,13.033694,77.67414
Banaswadi OMBR Children Park (Ward Office),13.012235,77.652135
"Bhuvanagiri Park, OMBR Lyt, (BSNL opposite)",13.011765,77.659012
"Dr. Rajkumar Park, Kammanahalli",13.0192,77.639603
"Banaswadi Main Road, Near Pertol Bunk",13.013009,77.661598
"Bhuvanagiri Park, Ramurthinagara Signal",13.011687,77.661898
"HRBR 2nd Block, 6th main, Kalyananagara",13.016412,77.640601
Bhuvanagiri Park Banaswadi (OMBR),13.013258,77.645089
"Banaswadi Main Road, MLA Office Compound Park",13.010903,77.646395
"Kalyananagara 1st Block, 8th Main, Bande park, Harijana Smashana",13.018822,77.64604
Ramaswamy Palya Park Part 1 & 2,13.014029,77.628014
"Mini Foret, 9th G Main Road, kalyananagara 1St Block Park",13.019552,77.651276
"HRBR 3rd Block, 3rd Main, Traininglar Park",13.016999,77.632983
"Kitturu Rani Channamma Park, 6th C Main",13.026204,77.635496
"HRBR 3rd Block, 3rd Main, Kuvempu Children s Park",13.024672,77.632042
Kalyananagara HRBR 3rd Stage (Side of Petrol Bunk Park),13.014082,77.627758
"Kammanahalli Main, Kempegowda Buleward park",13.018092,77.638221
"Sair Palya Aravinda Nagara, Oil Mill Road Park",13.012106,77.628857
"HBR Layout, HBR Road Park",13.02715,77.627392
"Pillannagarden 3rd Stage, Dr B  R Ambedkar Park",13.010319,77.618748
Pillannagarden 10 th Main 2nd Stage,13.012214,77.618984
"Anwer Layout, HBR Layout Park",13.030257,77.61048
BSNL offices Road Part 9(Foot ball Ground) Park,13.022942,77.607284
BSNL office part-1 Park,13.023831,77.607769
P&T Quaters BSNL office Part-2,13.023604,77.606283
K H B Quarters Park,13.021834,77.603782
"Near Sultanpalya Bus Stop, Lal Bahadur Shastri Park",13.02633,77.601907
"L R Bande, Shampura BBMP Park Part 1",13.031812,77.61249
Near Ward 32 Office Kavalbyrasandra,13.024085,77.609641
Postal &teligram Badavane BSNL Office road Part -1 SulthanPalya,13.022557,77.602914
Postal&teligram Badavane BSNL Office road Part-2 SulthanPalya,13.023623,77.606235
Tagur prak P& T Colony,13.036865,77.610464
Venkateswara temple Pak,13.019404,77.596117
"Shanthidama Park, 80 Ft Road, Rt Nagar",13.033584,77.585343
DGQA Gunithavihara,13.017756,77.585929
Hopcoms Society Park  9th Cross,13.008999,77.578278
K C Reddy Swimming Pool Park,13.007104,77.578118
Sankey Lake Park,13.010133,77.575296
JANATHA BAZAR PARK,13.012444,77.575461
EAST WEST PARK,13.020786,77.577803
Park Opp to M S Ramaiah Hospital,13.032094,77.568452
"M S Ramaiah Park AGS Layout Park. Matthikere",13.029552,77.570254
kempegowda North Tower Park,13.012378,77.582911
Low Level Park,13.023581,77.569525
Island Park,13.009185,77.575548
IDL Park 18th Cross Malleshwaram,13.009668,77.582675
Palace Guttahalli Island Park Bellari Road,12.999602,77.584017
"Traingular and Rectangular Park , Ashwathanagar Park   (Adoption to RVRWA)",13.029135,77.570174
R K Garden Park near Gowri Apartment,13.032278,77.563248
Park near Chandrodaya School,13.023617,77.561271
Maintenance of LIC Colony Park (Mattikere),13.030174,77.554666
Jalahalli Behind Gatti Factory Park No.1,13.045602,77.55422
Jalahalli Behind Gatti Factory Park No.2,13.046919,77.55334
Jalahalli Behind Gatti Factory Park No.3,13.048212,77.552581
Jalahalli Behind Gatti Factory Park No.4,13.048883,77.552207
Maintenance of Peenya Industrial area(below HTL) Park,13.040793,77.528826
Maintenance of Peenya Industrial area(below HTL ) Park,13.039204,77.531101
Maintenance of KIADB near Reliance Petrol bunk Park,13.028243,77.538998
"Maintenance of KIADB, TVS Cross Park",13.027182,77.520525
"Gruhalakshmi Layout, part-2",13.035334,77.511159
"KRS Gowda park, HMT Layout part-1",13.035214,77.502602
"KRS Gowda park, HMT Layout part-2",13.036149,77.502773
"HMT Layout park, part-8",13.04026,77.503023
"HMT Layout park, part-1",13.032741,77.501735
"HMT Layout park, part-2",13.039533,77.502483
"HMT Layout, park, part-3,",13.03602,77.501936
"Gruhalakshmi Layout park, part-4",13.028709,77.498115
"HMT Layout 4th Block, 35, 6&7 th Cross park",13.034332,77.502526
"HMT layout park, Part-7",13.038567,77.502381
HMT Layout park part-6,13.040211,77.502635
"HMT Layout park, part-5",13.039533,77.502483
"HMT Layout, Makkala Udyanavana",13.038205,77.501024
Doddamuneshwara Temple Park at ward No.40 in RRN Zone,13.037027,77.479953
Segehalli Nursery park,13.002612,77.482371
Thippenahalli Park in RR Nagar Zone.,13.030611,77.483993
"Maintenance of Herohalli ""D"" group layout Part-1 Park",13.006944,77.475986
"Maintenance of Herohalli ""D"" group layout Part-2 and Part-3 Park",13.0078,77.477264
"Maintenance of  Herohalli""D"" group layout Part-4 Park",13.002822,77.483834
"Maintenance of Doddabidarekallu,Thippenahalli Park",13.030611,77.483993
Gruhalakshmi park-1,13.026068,77.497062
Gruhalakshmi Layout park 3,13.028511,77.498088
Duggalamma Layout park,13.020128,77.518903
Gruhalakshmi Layout park part-5,13.028713,77.497659
"Jaibhuvaneshwarinagar Park at 2nd Stage in Ward No.42, RRN Zone",13.022415,77.53033
Vidhana soudha Layout Park Ward No.42,13.012968,77.522222
Vidhanasoudha Layout Park at ward No.42,13.014759,77.52171
Maintenance of Jaraka bande Park,13.01461,77.525286
HSFS Park Nandini Layout Bus Stand,13.010685,77.536481
Park at Presidency School,13.013563,77.535643
SFHS Park Part-1 and 2,13.010803,77.531331
Ramakrishna nagar Park,13.017655,77.535127
BHEL Layout Park,12.940087,77.584264
Balamuri Varasiddi Vinayaka Temple Park,13.017959,77.534207
"Traingular Park , Rajiv Gandi Nagar, 4th Main, Nandini Layout",13.017071,77.532324
Park Below H T Line Nandini Layout Parimalanagara,13.017039,77.538294
"Park at Nandini Layout 3rd Main road, Rajivgandhinagar",13.018195,77.534269
Nandini Circular Park,13.011413,77.536722
Jai Maruthi Nagar Main Road Vacant Place Part-1  and 2,13.007842,77.532895
"Nandini Layout Part-4 Park , Mini Forest Tree Park (Department)",13.013567,77.535801
"Nandini Layout Part-3 Park , Mini Forest Tree Park (Department)",13.013193,77.535217
BNES Park,13.012242,77.547263
Marappana Palya Park,13.018828,77.549412
Shankara Nagara Part-1 Park,13.016404,77.542477
Shankara Nagara Part-2 Park,13.012759,77.542129
Vijayanandanagar  Park,13.01381,77.5416
"Park at 7th Main, Rajiv Gandhinagar",13.010107,77.543692
"Park at 8th Main, Rajiv Gandhinagar",13.00996,77.543525
Nandini Layout Ward Office Park,13.018376,77.539377
1st Main Road Ashok Puram Park,13.013329,77.547214
Ghana Thyajya & Employee Centre Park,13.016475,77.546717
Park Near Yeshwantha pura Police Station,13.018263,77.558001
Balasubramanyam Park,13.006547,77.565202
"Behand  Adharsha School, 18th Corss, R t nagar 1st block",13.019471,77.596233
CityZene Park,13.019463,77.596211
Raja Ramanna Park,13.012848,77.593711
Narayanappa block Park,13.007923,77.601174
RT Nagar 9th & 10th Corss center park & ward Offices,13.021687,77.596154
"Doddanna Nagara 3rd Main, Dr Ambedkar Park",13.016648,77.606926
"HAL 3rd Stage, 3rd Main, Gandigi Park",12.971496,77.649581
"Lingarajpuram Choweshwari Park, Temple Near",13.009192,77.62728
Lingarajpuram Tank near Park,13.007378,77.63096
"Kasturingaara, HT Line Part-3",13.005184,77.662586
"Kasturingaara, HT Line Part-1",13.004092,77.660652
"Kasturingaara, HT Line Part-2",13.003614,77.659746
"Kasturinagara Main Rd Park, 2nd A Cross, Near BESOM office",13.003658,77.662255
Kasturinagara Kalyani Park,13.008566,77.658709
Kasturingara Railway Bridge Part-1 & 2,13.0117,77.662003
"Veerapathi Lyt, Krishnaiahna palya (New Incometax layout)",12.995253,77.653486
"Sadanandanagara 8th Main, 3rd Cross, BDA Layout",12.996056,77.657467
Kasturinagara 2nd Main Park (Ward Office),13.00084,77.662321
Sadanandanagara NGEF Lyt Park,12.998978,77.663219
Sadanandanagara 8th Main Park,12.996795,77.658528
"Kasturinagara 1st A Main, Triangle Park",13.00762,77.666743
OMBR Green view park,13.008322,77.658187
East of NGEF park.,13.004436,77.661249
Kasthuri nagar stp park,12.969064,77.67482
Kasthuri nagar gas gowdown park,12.971474,77.682727
ITI layout park,13.006129,77.670317
K r puram kacheri awarana park,13.013709,77.699537
K r puram ganesha temple park,13.009473,77.682686
Bhattarahalli lake park,13.02306,77.708897
Vengayyana kere t c palya park,13.017438,77.703887
Bhatarahalli park near GCC college.,13.025014,77.707563
K r puram hanging bridge median pots,13.00186,77.681257
Mini Vidhana soudha park,13.006559,77.682736
Bhuvaneshwari nagara Park Byrasandra main Road,12.983974,77.661428
"HAL 3rd Stage, 4th Cross, Cambridge School near",12.970533,77.650636
"J.B.Nagara,HT Line Park",12.968536,77.648676
"J.B.Nagara, LIC Colony 7th Main, Diagonal Park",12.968544,77.651595
"HAL 3rd Stage, 2nd Main, 3rd Cross, Traiangler Park",12.971776,77.648699
"New Thippasandra Park, Geethanjali Lyt",12.974979,77.654565
"HAL 3rd Stage, 4th Main, 8th Cross Park",12.971517,77.65237
Major Silvay Star Rajeshrathnam Park,12.973445,77.656359
"Jeevanbhimanagar main Road, Opp Water tank below High tension wire",12.968331,77.6496
"Byyappanahalli Main, Nagayanapalya Parkl",12.996365,77.64131
Vivekananda Nagara 2nd Cross Park,13.004732,77.626969
BBMP Park Cookes Town,13.000701,77.621468
MEG Officers Colony,13.000436,77.628388
High Street Park Cooks Town,13.001015,77.62398
High Street Childrens Park,13.000434,77.623862
MEG JCO Colony Park,13.001121,77.629532
"Dr Ambedkar Park, Hale Bagalur Lyt, Marimuttu Park",13.006553,77.620731
Hals Road Park,13.000501,77.623838
William Stwn Bore Bank Road Park,12.999155,77.608647
1st Main Williams Town Park,12.999768,77.606929
Williams Town 6th & 7th Cross Park,13.000144,77.607519
"ITI Layout, 18th Cross Park",13.004227,77.605015
Byadarahalli Willems Stown Park,13.000157,77.608966
Chinnappagarden Park,13.00185,77.602135
Chinnappa Garden Road Park,13.00168,77.601107
"Chinnappagarden ITI Lyt, 5th Main Road Park",13.005881,77.605382
"Chinnappagarden ITI Lyt, 5th Main, Ganesha Temple",13.004991,77.603942
Taskar Town Park,12.998147,77.603439
Balappagarden Park,12.998226,77.604433
"Chacha Nehru Park, 5th Main",13.002247,77.596325
Jayamahal Park,13.001045,77.597562
Swimming pool park 10th cross,13.006906,77.578348
Guttahalli Hospital Park,12.998957,77.581921
Guttahalli Traingular Park,12.996521,77.582361
Anantha krishna rao park,13.002544,77.576687
Dattatreya temple park,12.999143,77.574338
"Maszid Park , Guttahalli (Department)",12.999646,77.581363
Gayathri Cowdaiah Memorial Hall Park,13.006101,77.575472
Malleshwaram Railway Station Park,13.000933,77.563685
"New Market Park , Malleshwaram",13.003077,77.570687
Elephant Park,12.999364,77.620316
Milk Colony Park -2,13.009755,77.557001
Sangolli Rayanna Park,13.007253,77.557824
Milk Colony Park -1,13.010372,77.55831
Vyalikaval Park,13.007351,77.557926
Swami Vivekananda Park,12.999408,77.542011
Buddashanti Park  ( H.T. Line ),13.00178,77.547504
Mahadevithayi Park,13.008598,77.544169
Park at Nandini Thetre Bhovi Palya,13.00418,77.54283
Santha Siddarooda Park,13.003917,77.546466
Udayakumar  Park,13.002569,77.551779
Akkamahadevi  Park,13.007248,77.544841
Pipeline Park Part-1 Bhovi playa,13.00285,77.541857
Pipeline Park Part- 2 Bhovi playa,13.004413,77.5453
Ushe Park,12.997854,77.545652
Sir. M. Vishhweshwaraiah Park,12.998472,77.548833
Mangala Krumariyamma Park Part 1 AND  2,13.00316,77.546762
1st R Block Park,12.999848,77.548355
Harekrishna Park 1st N Black (Depatr),13.011116,77.551278
Pipeline Park Part- 1,13.006928,77.537686
Vasavi Park,13.009978,77.543451
Pipeline Park Part- 2,13.006741,77.538165
Pipeline Park Part- 3,13.006641,77.53843
Saraswathipuram Park,13.010751,77.538051
Park near Srinivasa Temple,13.008781,77.545484
Anjaneya Gudda Park,13.010085,77.543547
Swimming Pool Park,12.948591,77.559124
Anna Basavanna Park,13.008518,77.544241
Athmeya Geleyara Balaga Park,13.008141,77.539937
Laggere Ring Road Junction,13.011002,77.522348
GKW,12.967564,77.527095
"Muddina Palya Main Road, Gidada Konehalli Park,  in RR Nagar Zone.",12.968422,77.48817
Maintenance of Ganesha farm Anjana Nagar  Park,12.979282,77.476401
Maintenance of BEL layout (Gandhi) Park,12.982063,77.476605
Maintenance of BEL layout (Jinke) Park,12.982121,77.484406
Maintenance of BEL layout graveyard Park,12.977803,77.485699
"Maintenance of BEL layout East, West, School  Park",12.972145,77.482871
Maintenance of Syndicate bank layout Part-1  Park,12.994715,77.487791
Maintenance of Syndicate bank layout Part-3  Park,12.996415,77.488181
Maintenance of Syndicate bank layout Part-2  Park,12.996649,77.486291
Maintenance of BEL layout (Kere) Park,12.978803,77.483933
"1st Blcok, Nagarabhavi, Near Sub- Register Office Park",12.980485,77.512345
8th Block Park at Nagarabhavi BDA Layout,12.971101,77.514681
Vinayaka Layout at Nagarabhavi Park,12.971113,77.515943
Maruthi Temple Park at Vinayaka Layout,12.961913,77.51375
Ramakrishna layout park at Malagala main road park,12.979368,77.516452
Vishveswarapura Law College Opp.Park at Nagarabhavi 1st Block.,12.983266,77.510981
Maintenance of Vinayaka layout Park,12.962785,77.514239
Maintenance of Prasanna Anjaneya temple  Park,12.977285,77.513007
Maintenance of Ravi gym (BDA) Park,12.973034,77.512335
Maintenance of Nagarabhavi 9th block Park,12.968664,77.514431
Maintenance of Nagarabhavi Maruthi Mandir Park,12.962023,77.513761
Maintenance of Nagarabhavi 11th block  Park,12.962958,77.510268
Maintenance of Nagarabhavi 13th block Dobi ghat  Park,12.977262,77.516348
Maintenance of Nagarabhavi 11th block (Kere)  Park,12.964023,77.509133
Maintenance of near Aryan School Park,12.962601,77.507754
Maintenance of Ramakrishna Hegde Park,12.97687,77.512272
Maintenance of Bande Maramma Park,12.966053,77.51652
40 VNT BRIDGE PARK,13.008922,77.546108
Pipeline Park Part 9,12.998891,77.528099
Vasavi Temple Park,13.009266,77.543887
SBI Colony Park,12.994878,77.537968
Kuvempu Park,12.992889,77.531993
Kamala Ganapathi Park,12.995168,77.533161
S V K Layout Park 3rd Cross,12.999683,77.533669
siddarooda park j c nagar,13.000561,77.534203
Ward Office Park,13.002869,77.541831
Jai Maruthi Park,12.996225,77.534527
Shambhavamurthy Park,12.997614,77.537516
Pipeline Park Part- 4,13.003033,77.542129
Pipeline Park Part- 5,13.001705,77.53905
Pipeline Park Part- 6,13.001407,77.537752
KEC Colony Park,12.999084,77.538213
Kempegowda Park,12.998823,77.526946
Pipeline Park Part- 7,12.999803,77.531159
Pipeline Park Part- 8,13.000142,77.53257
W.H. Gopal Park Part- 1 and 2,12.994652,77.572968
LINK ROAD PARK,12.994303,77.573996
Elephant Park,12.999364,77.620316
Paranjyothi Park,12.997845,77.616765
Coles Park (Fredam fighter Park,12.993998,77.609156
"M M Road, Park",13.000193,77.61949
Assayya Road Park,12.990552,77.619342
"Dr Ambedkar Park, Nethaji Road,",13.000612,77.61094
"M M Road, Hospital Inside Park",12.998951,77.620568
"M M Road, Pulikeshinagara Police Station Opposit Park",12.998684,77.619894
Asai Road Park,12.990057,77.619262
Kallahalli Crematorium inside Neelam Sanjeevareddy  Park,12.99052,77.631238
"Kallahalli Main Road, Kensington Park",12.986195,77.62235
Kallahalli Main Road Park,12.987073,77.622362
"Indiranagara 2nd Stage, 17th B Cross Childrens Park",12.978948,77.633541
Hoysalanagara Contact Point & Indiranagar 17th F Cross Park,12.977274,77.632817
"Indiranagara 2nd Stage, 13th Cross Park",12.979552,77.635907
"Indiranagara 2nd Stage, 12th Cross Park",12.981629,77.6374
Murpy Town Near BBMP Samudaya Bhavanan,12.980145,77.629093
"Indiranagara 1st Stage, 14th Cross, Near Jain College",12.976537,77.635214
HAL 2nd Stage BM Sri Circle Park,12.978519,77.640614
BM Kaval Park,12.981048,77.637634
"HAL 2nd Stage 10 th & 11 th Main, Indiranagara Park",12.971153,77.64412
Defence Colony 3&4th Main Middle Childrens Park,12.976325,77.644419
"Defence Colony Park 3, 5th & 6th Main Road",12.974886,77.643628
Jayarajanagara A Cross park,12.981058,77.626211
"Murpy Town 2nd A Cross, Housing Board Equates Near",12.980457,77.628129
Murpy Town Park,12.978895,77.627182
Indiranagar 1st Stage Double Road Park,12.98045,77.63745
Defence Colony 2nd & 3rd Main Park,12.975434,77.644883
"Indiranangara 1st Stage, Krishna Temple park",12.978798,77.64608
M VG Water tank park,13.007197,77.66907
M V G LAYOUT PARK,12.991678,77.676966
Kadugodi near government hospital park,12.997744,77.760704
Whitefield inner circle park,12.971488,77.747912
Aecs layout D block,12.962013,77.709605
BEML layout park and srinivasa temple park,12.958509,77.718746
AECS layout B block park,12.966631,77.716162
A E CS Layout E block,12.962677,77.713954
Karthick nagar south avenue park,12.974457,77.700829
Karthik nagar OHT park,12.97436,77.702804
Karthik nagar childrens park,12.970405,77.699382
"Indiranagara HAL 2nd Stage, Kodihalli, 16E & 16F Main Rd Middle park",12.963701,77.64349
HAL 2nd Stage 15th Main Near ISRO Compound,12.965508,77.64559
Radhakrishnan Park NAL beside,12.963727,77.650165
"Dommalur Flyover Under, Mini Forest",12.960976,77.642877
Dommlur Airport Flyover below park,12.961024,77.642112
"Kodihalli Layout 6th main, Leelapalace park",12.960598,77.649043
"Sri jagajyothi Basaveshwara Park, Near Water Tank",12.96328,77.651283
HAL 2nd Stage 12th A Main Park,12.970108,77.644855
HAL 2nd Stage 12 A Main 8th Cross Park,12.96987,77.645664
HAL 2nd Stage 12 A Main 8th Cross Park & Childrens Play Ground,12.969791,77.64213
Cambridge Road Udani Layout Traingular Park,12.973476,77.627393
"Cambridge Road, 1st Cross Gundappa Park",12.973883,77.626721
Ulsoor Referral Hospital Compound Park,12.971624,77.627589
"Ulsoor Bazar Road, Childrens park (Elephant)",12.975074,77.621748
Ulsoor Lake South part Park,12.978181,77.619374
"Swamy Vivekananda Park, Kensington Road",12.98529,77.622341
"Manipal Center Back, Yellappachetty Road Park",12.98097,77.615698
Ulsoor Lake (Toilet to Kodi),12.977391,77.619395
Richards Town Park,13.00417,77.617069
"Halasur Lake Near, Thiruvaluvar Statue Park",12.980919,77.61573
Thimmaiah Road Memorial Street Park,12.98435,77.59892
Neharu Puram Coks  A Road bbmp Park,12.9876,77.603822
Neharu Puram Thimmaiah road Cross 7th cross Park,12.990261,77.608749
2nd & 3rd Corss Center Park,12.993733,77.590616
Jawaharla Neharu Tharalaya Park,12.984612,77.589926
Kumar Park West Subbaiah Layout,12.992837,77.578715
"10th Cross , 1st Main Road, Vasanatha Nagar",12.994353,77.593472
"Kumara Park West, Serpantain Road Childrena Park",12.991853,77.578189
"Kumara park East, Harikrishna Road Park",12.990763,77.581942
1st main road Vasantha nagara,12.991504,77.599631
Chikkalalbagh Park,12.973673,77.572454
Bhashyam Park,12.991951,77.572003
Nehru Park,12.988146,77.57573
N. Ramu Park,12.979891,77.572037
Traingular Park  behind  KiNo Thetre (Department),12.987037,77.576342
Freedom  Park,12.977396,77.581677
Sangolli Rayanna Idle and Khoday Arasu Circle,12.980011,77.571451
Resaldar Street Park,12.984704,77.57369
Gandhinagar Park,12.978224,77.578317
Arundathi Park,12.976377,77.63715
Laxman Rao Park,12.984042,77.565499
Labour Colony Park Bhashyam Nagara,12.987933,77.567591
Dayananda nagar Park,12.989338,77.565435
"Gayathridevi Park,",12.997059,77.556426
Sarakari Gudda Park (Department),12.995557,77.558897
"9th anf 10th Cross Park, Adarsha Layout",12.996743,77.543086
"Kalyana Venkateshwara Park 2nd and 3rd Cross, 14th Main",12.995947,77.541299
Gayathri Housing Society Park (Siddappaji),12.996483,77.564472
LIC Colony Park (Right Side) 14th Main,12.985879,77.553232
Navarang Park,12.99741,77.552896
RTO Complex Park,12.993912,77.553458
"R.V. Apartment Right AND Left Side Park, 9th AND 4th Cross, 14th Main",12.995638,77.543901
04 Small Parks at 19th Main Road & 21st Main to 29th Cross (Department),12.994636,77.551817
Sir. M. Vishweshwaraiah  Park University Layout,12.995893,77.541436
Nethaji Subashchandra bhoss Park and Play Ground,12.990837,77.544176
S.B.I. Colony Park,12.99106,77.534357
Sharada Colony Park,12.951944,77.521364
Aladamara Park,12.989455,77.535929
KHB Colony 3rd Main Road Park,12.98313,77.536658
"KHB Colony Park , near Max Mullar School",12.984462,77.534932
"KHB Colony Park , Max Mullar School (Department)",12.983575,77.534649
Astagrama Park (Department),12.984894,77.529729
Ward Office Park Vrushabhavathi nagar,12.992098,77.529345
"Siddaruda Park, Kaveripura",12.977633,77.529713
Prashanthi Vana Part-1 to 5 Kaveri pura,12.978361,77.527874
Prashanthivana Children's Play Park (Triangular),12.978076,77.530704
Sai Baba Temple Park,12.980133,77.531316
BALAYYANA LAKE PARK NADAPRABHU KEMPEGOWDA PARK 1ST MAIN ROAD,12.978291,77.528249
Thimmenahalli Park and Play Ground,12.9801573,77.5382738
Govindarajanagar Park,12.978251,77.535658
Park Opp to CPWD Quarters,12.97415,77.540188
CHBS Park and Play Ground (Traingular),12.974999,77.536317
Banashankari Temple park (police Quarters)  6th Block,12.976564,77.535154
Park Opp to Gayathri Hospital,12.975017,77.54314
Nandanavana Park KHB Colony,12.986275,77.53853
Naveen Park MC Layout,12.975035,77.542603
"Vivekananda Park , KHB Colony  7th Main",12.984208,77.539857
Basavavana Park KHB Colony,12.984557,77.541062
Nethaji Subhashchandra Bhoss Park KHB Colony (Hutta),12.984521,77.53479
Dasarahalli IPP Hospital Park,12.977087,77.543837
Park infront of Library (Police quarters),12.986287,77.53858
HT Line Park 5th Main  4th Main,12.976816,77.554609
Ambedkar Stadium Park,12.981891,77.537832
Boulevard Park Part- 1 - 6,12.983557,77.546533
"2nd Main ,  1st Main Park HT Line beside Mori",12.979629,77.548853
Shivanagar Park,12.992496,77.550039
Park beside Pushpanjali Theatre,12.991394,77.546538
Dhobhi Ghat Park,12.987243,77.550479
Muthyalamma Park,12.987244,77.55045
Lalithamba Ganapathi Park,12.983881,77.551645
A B C Park,12.986304,77.557231
Mahadeva  Banakar park,12.983777,77.55167
Vykunta Park,12.989196,77.557632
Park in front of Madhu Hotel,12.983097,77.549541
Dharma Naidu Park (Department),12.985591,77.553324
Kempe Gowda Park Head OfficesBBMP,12.966123,77.587148
"Bannappa Park, K.G.Road",12.969929,77.584659
Bannappa Park Kempegowda Road,12.969908,77.584624
S R Nagara Lake Park (kasturi Ba Road & R.R.M.Roy Road,12.967711,77.588937
S R Nagara (BBMP Head Office Out Side Park),12.967702,77.588843
"S R Nagara,BBMP Head Office Kempegowa Swimming Pool",12.985623,77.590964
BBMP Head Office Inside Park,12.978246,77.587368
Victoria Layout Park,12.964601,77.615822
Bettappa Park,12.962459,77.613825
AngloIndian Park,12.981412,77.596748
"MG Road & Residencey Road, Hudson Park",12.973888,77.611928
Rest House Road Park,12.972714,77.605244
Mahatma Gandi Park Part-1,12.974086,77.61139
Mahatma Gandi Park Part-2,12.976963,77.599636
"St.. Marks Road, Near Bouring Institure, Childrens Park",12.973578,77.601238
"War Memorial Park, Brigade Road Junction",12.971628,77.606855
"kingsten Road, Richmond Park",12.963473,77.601638
"Langford Road, Shanthalanagara Circle Park",12.961796,77.598811
Mayohal Compound inside 3 parks,12.972915,77.612009
"Dommalur 2nd Stage, 2nd B Cross, 2nd Main, Clubhouse Park",12.963703,77.639352
"Dommalur BDA Shopping Complex opposit, 8th main",12.965629,77.637055
"Dommalur Layout, 1st C Main,",12.959161,77.63673
HAL Airport Road Flyover below BBMP mini Forest,12.960933,77.641295
HAL Main Road Play Ground Childrens Park 1,12.961057,77.636317
HAL Main Road Dommalur Park 2,12.960968,77.637165
HAL Airport Road part 3,12.960829,77.638249
"HAL Airport Road, Dommalur part 4",12.960768,77.636317
"Dommalur BDA Lyt, Suvarna Mohatsava Park",12.961371,77.639494
"Amarjyothi Lyt, West Wing 4th & 5th Main Rd Park",12.953263,77.639971
"Dommalur 2nd Stage 1st Main, Service Road Center Buleward Part-1",12.964999,77.638812
HAL 2nd Stage 13th Main 1st Cross RWA Park,12.968513,77.642551
Indiranagar 60 Ft Road Side Part 3,12.977724,77.641311
Indiranagar 60 Ft Road Side Part-2,12.978106,77.641403
Indiranagar 60 Ft Road Near Sri Rama Temple,12.978864,77.642809
ESI Hospital Back Side Dr Ambedkar Park,12.968692,77.636645
Dommalur 2nd Stage 12th A & 13th Main Park,12.967691,77.638209
"Cambridge Layout 1st A Cross,",12.969932,77.633422
T Pudi Park Dommalur,12.962827,77.637342
Dommalur Amarajyothi Lyt IBM Road Park,12.954443,77.642926
Dommalur BDA Complex Park (Sri Ragavendraswamy Temple Near),12.965244,77.637491
Dommalur Kalkibagavan Temple Near,12.963635,77.639381
"Cambridge Lyt, Someshwarapura 3rd Main, 4th Cross, Childrens Park",12.969104,77.631948
Indiranagar 60 Ft Road Side Part-1,12.978158,77.641127
"HAL Airport Main, Murugeshpalya Bus Stop Near",12.959371,77.657831
HAL 3rd Stage 4th A & 4th B Main BDA Lyt Big,12.962073,77.659611
HAL3rd Stage BDA Lyt Small Park,12.962667,77.659703
Austintown 6th Sector park,12.960656,77.6143
Austin Town 5th Square Park & play Ground,12.959515,77.616054
Austin Town 4th Square Park,12.959657,77.615101
Goutampura Play Ground & childrens Park,12.968232,77.625451
Artilary Road Cambridge Road Joining Circle Park,12.965491,77.626495
Vivekanagara Ejipura Main Road Park Opp. Ravi Theator,12.948976,77.62506
Vannarpete 1st Main Road Park,12.954772,77.622715
Vannarpete 3rd Main Park,12.955936,77.619957
"Vannarpete 3rd Cross, 4th Main Viveknagar Further Extn",12.954391,77.622442
Austintown BDA Complex Road (Jasmadevi Kalyana Bhavan),12.959476,77.614178
A Block BDA Layout Neelasandra Park Part-2,12.954624,77.616436
Neelasandra BDA Layout B Block Quatres Center Park,12.95615,77.616475
Neelasandra BDA Layout B Block Quaters Center Park Childrens Park,12.955723,77.615143
A Block BDA Layout Neelasandra Park Part - 1,12.954813,77.616449
Neelasandra 4th Cross BDA Layout Park,12.955614,77.616712
"8th & 9th Cross 3rd Main Road, Near BMTC Bus Stand Park",12.957935,77.613767
Neelasandra BDA Quaters Inside Park,12.955224,77.616231
Vellerymman Temple Road Park,12.955934,77.618689
Viveknagar 2nd & 3Rd Main BBMP Hospital Behind Park,12.952833,77.625036
Viveknagar 5th Main Road Park,12.953465,77.624002
"Neelasandra 6th Main, BDA Lyt, Childrens Park",12.955682,77.615153
"Bekal Layout, Barly Street Park",12.957618,77.602147
Shanthinagara BBMP Dispensary Compound Park,12.954769,77.600621
Vinayakanagara 1st A Cross Childrens Playground & Park,12.952484,77.599936
J.C.Road Journalist Colony next Venkatappa Park,12.958126,77.580452
Subbaiah Circle,12.962682,77.590042
CSI COMPOUND NEXT PARK,12.970593,77.584006
"Silver Jubile Park, Part-1&2",12.963858,77.580674
Silver Jubile Small Park (Triangular),12.96366,77.582755
Muniyanna Garden Park,12.973692,77.562814
"Ramasharma Park, Binnimil",12.968233,77.573338
Thammaiahnna Park Magadi Road Behind Colleg,12.972544,77.561712
"Behind Colleg and IPP Hospital Park , Magadi Road",12.975075,77.561877
West of chord road Part 3 (Adi chunchanagiri opp),12.973898,77.544112
"West Of Chord Road, Part-4(New Sagar Hotel Opp)",12.973652,77.542312
Temple park Banashankari temple,12.973565,77.549924
Vidyaranya Nagar Park(Prameela Bhai Maane School Park),12.973813,77.551098
Muneshwara temple park,12.943335,77.583024
Prasanna theatre park,12.973845,77.551176
WOC rd Part 2,12.973423,77.541307
JP park,12.970339,77.545562
Woc rd Part 1,12.974044,77.546501
Vijayanagar police station and Ashoka Hotel Opp Boulevard park,12.970367,77.53509
Pipe Line Boulevard Part-1,12.966725,77.544753
Pipe Line Boulevard Part-2,12.966493,77.544633
Pipe Line Boulevard Part-3,12.966214,77.544514
Bata Show Room Opp Park,12.967421,77.537227
Telecom Layout Park,12.967038,77.549701
Sir M.Visheshwaraiah Park,12.969185,77.539992
Hosahalli Park,12.972397,77.5364
Amarjyothinagar Park AND  Ward Office PARK,12.974761,77.529014
Park behind Udaya School,12.970383,77.535138
M.C layout HT Line park Part 1 to 6,12.972963,77.533848
MINI BAZAR PARK PART 1 AND 2 M C LAYOUT,12.973621,77.534128
Saraswathi Puram Park,12.972432,77.52976
Bulleward Park Part 1 - 2,12.972886,77.533928
BANGALORE 1 CENTRE WARD OFFICE PARK,12.966435,77.535497
P F LAYOUT PARK,12.968105,77.532303
G K W LAYOUT PARK,12.967523,77.527102
VINAYAKA LAYOUT PARK,12.965581,77.529632
CANARA BANK COLONY PARK,12.965099,77.524196
Ganesha Temple Park,12.964616,77.534477
MOODALAPALYA MAIN ROAD PARK,12.967568,77.527067
BBMP IPP PARK,12.973357,77.527033
KAILASAGIRI PARK PANCHASHEELANAGAR MOODALAPALYA,12.966749,77.518895
AKKAMAHADEVI PARK BYRAVESHWARANAGAR,12.968142,77.517962
KITTHUR RANI CHENNAMMA PARK,12.967543,77.519257
SWAMY VIVEKANADA PARK,12.973433,77.519792
Salumarada Thimmakka Park  9TH MAIN BDA LAYOUT,12.963594,77.523468
CENTRAL TEACHERS COLONY PARK,12.956138,77.512335
AYYAPPA SWAMY TEMPLE PARK DURGA PARAMESHWARI TEMPLE,12.951973,77.521435
NGEF  LAYOUT PARK,12.958117,77.520374
SHARADA COLONY PARK,12.951944,77.521364
NEW INCOME TAX LAYOUT PARK PART 1 AND 4,12.958198,77.528916
NEW INCOME TAX LAYOUT PARK PART- 5 TO 7,12.955774,77.522096
VIDHYAGIRI LAYOUT PARK  PART- 1 TO 2,12.956094,77.52007
ARUNDATHI NAGAR PARK PART 1 AND 2,12.958663,77.512274
"CHANDRAGIRI PARK , NEAR SIDDAGANGA SCHOOL",12.954434,77.521908
Park at Chandragiri Residency (Ring Road side),12.954329,77.521819
"Maintenance of ""D"" group Ganesha Temple Park",12.97149,77.498991
MPM Layout (Ground) Park at Nagarabhavi,12.968723,77.49538
Annapoorneswari Layout Park      - Play Ground,12.971065,77.493261
Annapoorneswari Layout Park,12.971891,77.493848
Annapoorneswari Temple Park Place Nagarabhavi,12.970769,77.494462
D. Rajajinagar Layout HBCS Nagarabhavi Park RRN Zone,12.965924,77.52948
NGEF Layout Park at Mallathalli,12.959457,77.50084
NGEF Layout Park at Mallathalli Play ground,12.961101,77.496789
ITI Layout part-2 Mallathahalli Park,12.965476,77.501742
Maintenance of Annapoorneshwari Nagar Park,12.971839,77.491726
Maintenance of Annapoorneshwari Nagar (SWD),12.979416,77.507591
Maintenance of Nagarabhavi 12th block Park,12.959565,77.514212
Maintenance of Railwaymen HBCS Park,12.954539,77.492162
Maintenance of ITI layout Park,12.967142,77.498183
"Maintenance of Rajajinagar HBCS, ""D"" group  Park",12.948843,77.520934
"Maintenance of NGEF layout, Ganesha Temple Park",12.958902,77.509778
Maintenance of Srigandha health layout  Park,12.980502,77.504017
"Maintenance of NGEF layout, near Ranin (SWD) Park",12.970175,77.509283
"Maintenance of ""D"" group layout Park",12.971105,77.499667
Maintenance of Railwaymen HBCS Park,12.954539,77.492162
Maintenance of Nagarabhavi 14th block (BDA)  Park,12.95825,77.506284
Maintenance of Nagarabhavi 14th block Park,12.958235,77.506324
Maintenance of MPM Layout  Park,12.969358,77.497461
Maintenance of ITI Layout (Paly ground) Park,12.964982,77.499044
Maintenance of Govt Press layout (Water tank) Park,12.932117,77.503211
Maintenance of Govt Press layout (Transformer) Park,12.933743,77.503905
Maintenance of Nagarabhavi Chamundeshwari temple  Park,12.978689,77.513807
"Rajarajeswari Layout Park, in Nagadevanahalli",12.940636,77.494929
Railway Employees mens RHCS 1st Stage Ullal Park,12.952959,77.49172
"Gavipuram Guttahalli Society Layout Park-1,2,3",12.959341,77.48147
"Ullal AGS Layout Park, 2",12.947875,77.476777
"Ullal AGS Layout Park, 3",12.950725,77.480623
Ullal Upnagar Park near Kuvempu School.,12.95973,77.4738
"Upkar Lyout park-2,3,4",12.964778,77.486424
Railwaymens Society Park  at Bhuvaneswarinagar -3,12.943429,77.485568
Railwaymens Society Park  at Bhuvaneswarinagar -4,12.954417,77.490423
JnanaBarati BDA Layout Vallagerahalli Park No.3,12.925983,77.491306
Kalayan HBCS Layout Park - 3,12.939685,77.490652
Kengeri KHB Layout Park (Play Ground) at Sirkke Aappartment,12.931114,77.491356
Gavipuram Guttahalli Layout Park,12.95013,77.477495
Upadya  Layout Park at Nagadevanahlli.,12.942589,77.490729
Maintenance of Upakar Layout  Park,12.965423,77.481269
Maintenance of Kalyan HBCS Bhuvaneshwari Nagar  Park,12.940396,77.491177
Maintenance of Kalyan HBCS near (Water tank) Park,12.939807,77.489603
Maintenance of Nagadevanahalli BDA  Park,12.937619,77.488313
Maintenance of Valagerahalli Indus Hospital  Park,12.930683,77.493361
Maintenance of R.R. Layout  Park,12.939971,77.493792
Maintenance of Valagerahalli Vinayaka temple  Park,12.930095,77.493743
Maintenance of KPSC layout Part-1 near (Amma Ashra) Park,12.943519,77.485356
Maintenance of near Jnana Ganapathi temple  Park,12.931829,77.487079
Maintenance of KPSC layout Part-2 Opp (Amma Ashrama)  Park,12.945307,77.486483
Maintenance of Ullal AGS  Park,12.952362,77.47992
SUVARNA NAGARA LAYOUT PARK,12.946302,77.521107
ITI LK PART-1AY OUT PAR,12.950486,77.521179
ITI LAYOUT PARK PART-2,12.938346,77.518289
ITI LAYOUT PARK PART-3,12.950382,77.521152
ITI  LAYOUT PARK PART-3,12.947498,77.520674
D CLUB NEAR PARK,12.937428,77.517803
BEHIND IPP HOSPITAL PARK,12.952771,77.529369
BCC Layout Railway Parallel Park (Basaveshwara layout),12.953778,77.527965
Venkateshwara Layout Park,12.95409,77.531893
80 feet Road Park,12.957634,77.527876
Sky Line Apartment Opp Park,12.960533,77.525223
"Chandra Layout, Ganesha Temple Backside Park",12.953013,77.529544
Widia Layout Park,12.9617,77.53111
Income tax Layout park Part-1,12.958198,77.528916
"Chandra Layout, Income Tax Layout, Part-2",12.958409,77.529031
Ward office park part-1,12.963605,77.531474
"Binny Layout, Laughing Club",12.958129,77.531178
BCC LAYOUT PARK VACANT PLACE,12.953426,77.527767
BCC LAYOUT  PARK CHIDREN PLAY GROUND & VACANT PLACE,12.953426,77.527767
80 FEET ROAD  VACANT PARK CITIZEN CENTRE,12.95772,77.527864
FREE LIDRARY AND  PARK,12.95772,77.527864
MARENAHALLI MAIN ROAD NEXT CHILDREN PLAY,12.959463,77.529381
WARD OFFICE OPP PARK PART-1,12.957513,77.528241
WARD OFFICE OPP PARK PART-2,12.957513,77.528241
WARD OFFICE OPP PARK PART-3,12.957513,77.528241
WARD OFFICE OPP PARK PART-4,12.957513,77.528241
CHANDRA LAYOUT VACANT PLACE (MILLK DIARY),12.960035,77.525995
Sky Line Park next Vacant Place,12.960485,77.525113
maintainence of  Basaveshwara Park,12.956907,77.53658
"maintainence of Binny Layout, Part-1",12.957456,77.53043
Shakthi Ganapathi Temple park BCC Layout,12.955374,77.527934
maintainence of Bapuji Layout Park,12.962555,77.52699
"Chandra Layout, Income Tax Layout, Part-3",12.95785,77.528822
maintainence of Kailaseshwara Park,12.960443,77.525144
BCC Layout Park,12.953778,77.527965
SWIMMING POOL PARK,12.948591,77.559124
Hopcoms,12.967165,77.536093
Alada Mara Park,12.962443,77.541051
VIJAYANAGAR BOULVARD S.B.I.OPP PARK,12.973408,77.539458
BUNTS SANGAR OPP PARK,12.963479,77.534147
MARTHI MEDICALL CHORD PARK,12.963424,77.534479
MANGO TREE PARK,12.964624,77.538694
M.L.A.HOUSE OPP PARK,12.972222,77.543671
"RPC Layout, Ashwatha Katte (Tree Nursery)",12.96055,77.536928
S.R.Travels Opp Park,12.970139,77.537277
Remco Layout Park,12.963273,77.536067
Remco Layout childrens Park,12.955869,77.537192
"Sulabh Toilet, RPC Layout Park",12.968237,77.536633
Hampinagar Tree Nursery,12.963095,77.536024
BTS Depo Opp Park,12.959109,77.536279
Hampinagar Basaveshwara Park,12.962478,77.54086
Shravathi Nursing Home Opp park,12.962841,77.534267
Homeo Bhavana Opp Park,12.960313,77.527634
Sankasta Hara Ganapathi Temple Park,12.964562,77.538489
Vijayanagar Food World opp park,12.968543,77.536772
Boulevard Park Fly Worth,12.954589,77.536163
maintainence of  Remco Layout (Milk Diary ) Park,12.956308,77.536557
"Nrupatunga park,BapujiNagar Park",12.956925,77.540632
Cremitorium and Burial Ground Park,12.986558,77.566486
JJ Nagar Park,12.963989,77.555763
"IPP Hospital Park , Rayapura  JJ nagar",12.96387,77.558127
Anjanappa Garden Park (Department),12.963107,77.561608
Bhakshi Garden Park,12.966244,77.569091
Makkalakoota Park,12.9578,77.57254
Azad Nagar Park,12.959419,77.557912
Valmeekinagar Park,12.951113,77.555978
Park Below Sirsi Fly Over,12.958341,77.555404
maintainence of Kempabudhi Lake Park,12.952767,77.561469
Kempabudhi Half Park,12.953166,77.561491
Tagoore Circle Park,12.94396,77.573352
National College Fly over Park,12.94847,77.573507
Basappa Layout Park,12.945436,77.564855
Kohinoor Field Park,12.948395,77.566336
Sukenahalli Park,12.94965,77.562563
"Ashrama Road, 4 Parts",12.947872,77.567907
Sajjan Rao Circle Park,12.952242,77.576699
PARVATHI BOULEVARD,12.953435,77.573929
Madavarao Circle Tree Park,12.94394,77.577218
Parvathi Boulevard Part-2,12.953435,77.573929
Parvathi Boulevard Part-3,12.953435,77.573929
maintainence of KHB Colony Priyadarshini Park,12.951303,77.563363
Siddapura circle,12.948012,77.57353
Bande Park (Arekempanahalli),12.94409,77.571575
Rani Park Wilson Garden,12.95121,77.594284
"Homebegowda Nagar, Bhuvaneshwari Park",12.947408,77.595201
Lakkasandra Park,12.942986,77.597492
Lakkasandra Swimming Pool Tree park,12.945383,77.60163
"Lakkasandra, Between 20th cross, 1st main, Bannergatta main Road Park",12.939139,77.6026
"Lakkasandra, Between 1st and 2nd Cross and 1st Main, Bannergatta main Road Par",12.937308,77.602366
"Lakkasandra, Between 2st and 3rd Cross and 1st Main, Bannergatta main Road Park",12.937214,77.602988
"Lakkasandra, Between 3rd and4th Cross and 1st Main, Bannergatta main Road Park",12.937047,77.603703
"Lakkasandra, Between 4th and5th Cross and 1st Main, Bannergatta main Road Park",12.93704,77.604044
"Lakkasandra, Between 5th and 6th Cross and 1st Main, Bannergatta main Road Park",12.936911,77.604583
"Bannergattha Main, Between SWD Drain and Health Centre Park",12.940032,77.602927
Dr B R Ambedkar park kormangala 8th block park,12.940464,77.617201
Lakshmidevi samadhi park,12.939234,77.619803
Audugodi police quarters kadamba park,12.938744,77.613156
Police quarters near ACP Office,12.938803,77.613162
koramangala 7th block 1st cross triangular park,12.936761,77.611303
Police quarters panchvati/Danvathri park,12.938542,77.611451
Chamundi Park,12.940904,77.615752
Adugodi Police Quarters Prakruthi Vana Park,12.939357,77.611079
"Koramangala, 7th Block, Mangala Kalyana Mantapa  Park, Police Quarters, A.C.P Office Near Park, Kormangala, 7th Block, 1st Cross, Triangular Park",12.936694,77.617628
"Koramangala, 7th Block, Nanjappa Block  Park",12.941831,77.620792
S.T.BED PARK,12.93428,77.631781
"Maintenance of S.T.Bed, Children's Park, Ejipura",12.933113,77.632737
"Koramangala, 1st Block, 7th main 2nd cross Drainage Park",12.93425,77.631774
Maintenance of Ejipura Samparka Kendra (Ejipura) Park,12.944689,77.623801
Aralur gate amalipura park,12.916206,77.667458
Carton park (eco park),12.938748,77.625117
"1st Cross,8th main,4th block oppo.hopcoms park",12.930743,77.62955
5th cross 4th block Fountain park,12.93078,77.632034
12main 3rd block,12.927654,77.627281
2nd A cross 17th d main,12.935072,77.619299
17th f main 6th block,12.934966,77.618055
"K H B colony,2nd cross,",12.941715,77.626018
4th cross jakkasandra block 3rd block,12.928726,77.630307
Park Opposite to munireddy kalyana mantapa,12.936686,77.617636
KORAMANAGALA PARK OPP BBMP WARD OFFICE PARK,12.934342,77.622196
KORMANGALA 17TH D MAIN ROAD K.H.B.COLONY PARK,12.934871,77.618049
KORAMANGALA 4TH BLOCK ROAD RECTANGULAR PARK,12.932255,77.629511
18th Main 6th block,12.937605,77.621202
Lakshmidevi park   7th block,12.939273,77.619786
"Koramangala, 7th Block, 80 feet Road, Rose Garden Park",12.934882,77.612381
"Kormangala, 4th Block,1st 'A"" Cross, Atti Maara Park Kormangala, Park Opp BBMP Ward Office Park Koramanala, 3rd Block, 7th Cross Reheja Residency Park",12.930871,77.628224
Maintenance of Koramangala 5th Block Ward Office Opp Park,12.934348,77.622197
"Koramangala, 5th Block Park Opp Ganesha Temple park",12.935781,77.618608
"Koramangala, 6th Block, 7th Cross, (Subramanya Temple) Park",12.936,77.62258
"Kormangala, 5th Block, Opp Raghavendra School vacant place",12.934106,77.619041
"Koramangala, 3rd ""j"" Block, 4th cross road park",12.928832,77.630408
"Kormangala, 1st Block, 80 feet Road (Wipro) Park",12.928368,77.633485
VENKATESHWRA LAYOUT PARK,12.933841,77.60901
thavarekere park 2,12.931092,77.605262
Jogi Colony Park,12.932001,77.606272
"Hosur Main Road, Madivala Under Pass Opp Park(Shanimahtma Temple Opp)",12.93158,77.613026
Rashtra Kavi Kuvempu Park Suddaguntepalya,12.92839,77.602418
"Kanakana Palya Park, Jayanagar, 2nd Block Park",12.94237,77.580895
Madhavan Park,12.939848,77.584231
"Jayanagar, 2nd Block 7th Cross Park",12.937304,77.585302
Siddapura Childrens Park,12.945667,77.586873
Muneshwara Temple Park,12.943335,77.583024
M.N.Krishnarao park,12.943006,77.57413
BHEL Layout park,12.940087,77.584264
K.G.SHAMMANNA PARK,12.937897,77.57148
RAM MANDIRA PARK,12.937667,77.569009
DATHRATREYA PARK,12.934326,77.565801
80 feet MankuThimma Park,12.931132,77.54447
C.T.BED PARK,12.931862,77.564981
maintainence of  Bugle Rock Park,12.943261,77.569427
DONDUSA CHOUTRY NEXT PARK,12.948943,77.560967
HOSPITAL NEXT PARK,12.948616,77.562298
VEERABHADRA TEMPLE PARK,12.947882,77.55828
Deer Park,12.951593,77.557247
Swimming Pool Park,12.948591,77.559124
Hari Hara Gudda Park,12.947183,77.563911
Sri Ramanejeya Gudda Park,12.944788,77.563074
Srinagar Park,12.944484,77.554373
Sri Balagangadaranatha Swamy Park (Telecom Layout) Park,12.949792,77.548466
Avalahalli IPP Compound Park,12.945956,77.548554
Kasturiba nagar Maternity Hospital,12.955948,77.548579
Rastrakavi Kuvempu Rangamandira Park,12.944249,77.543202
Avalahalli 50' Road Hosakerahalli Main Road,12.943758,77.538298
Bandematt Park at Kengeri,12.91895,77.477825
Sri Rama Layout Park in Kengeri Park,12.925759,77.488217
Maintenance of Kengeri Upanagar Part-1 Park,12.916135,77.480941
Maintenance of Kengeri Upanagar Part-2  Park,12.917651,77.4815
Maintenance of Kengeri Upanagar Part-3  Park,12.935052,77.487613
Maintenance of Kengeri Upanagar Part-4  Park,12.918872,77.481954
Maintenance of Kengeri Upanagar Part-5  Park,12.937051,77.485394
Maintenance of Kengeri Upanagar Part-7  Park,12.921122,77.482737
Maintenance of Kengeri KHB  Park,12.917704,77.48154
Kengeri Crematorium,12.917931,77.47805
Maintenance of Javaregowdanadoddo park,12.929485,77.521145
Boat Club Park at BEML Layout in Rajarajeswarinagar.,12.914519,77.52518
"Panthara Palya Pramod Layout Park, RRN Zone",12.938717,77.526925
"Ideal Homes Layout Park, RR Nagar",12.931726,77.514561
"Dooravani Employees Layout Park, Stage 2, in RR Nagar Zone.",12.929182,77.517713
BEML Layout 4th Stage Park NHB School,12.919146,77.519793
"Ideal Homes Layout Fruit Park, RR Nagar",12.920917,77.519127
Maintenance of Ideal home Park,12.932014,77.515963
Maintenance of Opp Zonal Office Park,12.928442,77.516517
Maintenance of Mavinamarada Chandrashekaran block  Park,12.926315,77.518687
Maintenance of Kenchenahalli  BHEL (SWD) Park,12.928624,77.507111
Maintenance of Kenchenahalli Park,12.933123,77.513539
Maintenance of Bangalore University layout  and Field Marshal Kariyappa Park,12.911942,77.520557
Maintenance of Prakruthi  Park,12.91751,77.520007
Maintenance of near Gurusiddappa house  Park,12.917932,77.522323
Maintenance of BEML 9th Main Road Mavinathoup  Park,12.926566,77.51868
Maintenance of Double Road  Park,12.932795,77.516212
Maintenance of Srinivasaiah block Park,12.9177,77.523903
Maintenance of Krishnappa block Park,12.916228,77.521684
Maintenance of Rajarajeshwari Nagar Entrance Park,12.936182,77.518421
ANJANANAGAR PARK,12.930124,77.542243
ANJANANAGAR PARK,12.930124,77.542243
"HILL VIEW APARTMET, MANJUNATHA NAGAR PARK",12.927268,77.542355
Nandanavana park,12.935294,77.53549
Anjanapura,12.930124,77.542243
Hill view aooartment Manjunathnagara park,12.927268,77.542355
Pushpanjali Park,12.934526,77.543128
Swamy Vivekananda  Park,12.939489,77.547382
Sir M.Visheshwaraiah Park Avalahalli,12.942624,77.542778
Sir M.Visheshwaraiah Park Avalahalli,12.942624,77.542778
Panchavati  Park,12.932799,77.543943
Shakthi Ganapathi Park,12.938641,77.545686
80 feet MankuThimma Park,12.931132,77.54447
Dr. Muttu Raj Park (SBM Colony Park),12.939747,77.559584
80 feet MankuThimma Park,12.931132,77.54447
Mysore Mallige Park,12.929699,77.5478
Kempegowda Layout Park,12.9322,77.548998
SriKanteshwara Park,12.926647,77.554364
Bhaskar Park,12.938562,77.563221
Rock Garden Park,12.940132,77.561932
Soorat Ashwath Park,12.925619,77.553483
Kuvempu Kridangana Park,12.937271,77.559649
SriKanteshwara Park,12.926647,77.554364
"BANASHANKARI 2ND STAGE, BRUDAVANA PARK",12.924777,77.566548
DVG PARK,12.923183,77.563959
BANAGIRI PARK,12.922811,77.558614
Kuvempu park near Bsk BDA complex,12.924575,77.566278
Park oppo.to fire station 28th & 29th main road,12.922176,77.561585
"park near Dhanvanthri maternity hospital,26th & 27th cross",12.923486,77.563895
"Dharmagiri manjunath swamy te,ple park",12.925008,77.565077
laxman roa boluevaed children's ply groud d part park 27th and 30th cross road,12.934468,77.579769
lakshman rao bullevard E part,12.925036,77.580392
Uma maheshwari park,12.928674,77.572752
Yediyur maternity hospital park,12.926567,77.57656
Lakshmanraobullevard F part park,12.928108,77.580475
BSK bus stand near BMTC Depo park,12.918474,77.573191
Laxman Rao Boulevard -A Part Park (Surana College part-1),12.935441,77.579847
"BASAVANGUDI CO-OPERATIVE SOCIETY OPP PARK, JAYANAGAR, 3RD BLOCK PARK",12.935134,77.583233
Yediyur lake Park,12.932584,77.576624
"Laxman Rao Boulevard -B Part Park Between 20 & 22nd Cross (Children""s Park)",12.93238,77.579797
Maintenance of Yediur A.K Colony Ambedkar Park,12.934542,77.577263
"Lakshman Rao Boulevard Nursery Portion 4th and 5th main road, S Part",12.926739,77.580437
Aane Bande Park,12.933731,77.582419
Laxman Rao Boulevard -C-Part Park (Chandavalli Thota Park),12.934571,77.580427
"Lakshman rao bullevard park 5th main,4th block",12.917659,77.580478
Lakshman rao bullevard O park 5th mai 4th block jayanagara,12.92877,77.580626
Brundavan park,12.92126,77.595516
Akkamahadevi park,12.917249,77.588321
"Dr vishnuvardhan vishrathi vana 28th main,35th b cross,4th t block",12.925109,77.59461
Lakshmanrao bullevard Q park jayanagara,12.927631,77.579823
Lakshman rao bullevard R park,12.924415,77.579972
11th B main 5th block Shakthi ganapathi temple park,12.920999,77.589157
PATTABHI RAMNAGAR (G.N.R.) PARK,12.921192,77.589185
"Laxman Rao Boulevard ""M"" Part Park",12.924996,77.580451
"Jayanagar, 4th T Block, M.L.A Office Behind Park",12.925157,77.590354
"Jayanagara 4th T Block, 28th Main Park(Bangalore-one Office)",12.925039,77.595598
Laxman Rao Boulevard -P Part Park between 27th to 30th Cross Laxman Rao Boulevard -Q Part Park Between 22nd and 25th Cross Laxman Rao Boulevard -R Part Park between 25th and 27th Cross,12.931283,77.580435
"Jayanagar, 4th T Block, Shakthi Ganapathi Temple Opp Park",12.925285,77.591307
2nd cross byrasandra village,12.931446,77.589785
Swimming pool park jayanagara,12.933799,77.58719
"7th main,lic colony byrasandra park",12.933105,77.592204
lic colony 2nd main 3rd cross,12.930879,77.590207
Jayanagar Complex Park,12.924769,77.582494
infront of Saibaba temple park,12.919019,77.603229
East end A main park,12.917112,77.597376
East end B park,12.917964,77.598407
East end C main road,12.918339,77.597736
East end D Main road park,12.919712,77.598135
NAL layout 3rd & 4thmain park,12.925189,77.59898
jayanagar 9th t block 36th ccross childrens park,12.923568,77.592977
N.A.L.LAYOUT 2ND MAIN 1ST CROSS 2ND CROSS PARK,12.926059,77.598144
"N.A.L Layout, 2ND  MAIN CHILDREN'S PARK",12.925523,77.59901
"N.A.L Layout, 1st Cross, 2nd Main Road Park",12.925978,77.59878
Nimhan's Colony Park,12.925099,77.597495
"N.A.L Layout, 2nd Main Road 4th cross Park",12.924606,77.598872
MARUTHI LAYOUT PARK,12.92072,77.607218
"B.T.M, 1st Stage, Dollars""s Sector Colony Drainage Next Park",12.917628,77.619615
"B.T.M, 1st Stage, Vinayaka Layout Park 1st and 3rd cross",12.916722,77.619067
Maintenance of B.T.M 1st Stage Dollar's Sector Colony Park,12.919018,77.620336
"BTM Layout, 1st Stage, Madivala Thavarekere Ashwath Katte Next to Government School Park",12.917422,77.610422
"BTM Layout, 1st Stage, Park Between 20th Main Road and 2nd Cross  (Samparka kendra)",12.917585,77.612222
"BTM Layout, 1st Stage, Venkateshwara Layout, 2nd and 3rd Main Road, 13th Cross Road park",12.922143,77.616572
"B.T.M, 1st Stage, 16th Main Road, Ward Office Park",12.919117,77.610038
"B.T.M, 1st Stage, 16th Main Road, KEB Office Backside Park",12.917832,77.610364
Teacher Colony Park 1st Avenue Road and 4th Main Park,12.918308,77.630504
"Teacher's Colony, Between 2nd and 3rd main road 6th avenue road park",12.917488,77.629026
"Teacher's Colony, 6th Avenue, park Between 4th and 5th Main Road Park",12.918454,77.635836
Teacher Colony Park 5th and 6th Main Road Park,12.916732,77.632867
"H.S.R, 5th Sector, 4th Cross Park",12.918349,77.63658
KSRPC Quarters inside Park Jakkasandra,12.920437,77.631591
H.S.R layout sector 1 25th main 11th cross gamesha temple park,12.917523,77.650657
"hsr layout sector-1,28th main and 11th cross",12.917045,77.652967
H S R layout 6th sector-6 14th c cross I A S OFFICER LAYOUT,12.914973,77.627656
h s r layout sector-6 3rd main 16th  B cross,12.91289,77.628996
H S R layout sector 6 I A S OFFICER CLUB PARK 1ST MAIN,12.914815,77.627167
h s r layout 7th.7and8th main 22nd and 23rd,12.90932,77.633658
h s r layout sector-1 22nd and A main 23rd cross,12.917672,77.650483
h s r layout sector 22 nd A main and 15 B main,12.916347,77.647825
h s r layout sector-2 niffti collage back said park,12.910645,77.652552
h s r layout sector-1 24th main B D A park,12.919163,77.649587
h s r layout 6th sector-6,12.914775,77.634379
H S R layout sector-6 3rd main road sptika hospital near,12.914836,77.630103
hsr layout sector-2 Cristina grave yard near park,12.901292,77.649608
hsr layout sun city appertmen perimes,12.923674,77.665089
hsr layout sectore -7 19th cross,12.910975,77.633422
HSR LAYOUT 4TH MAIN 19 AND 20TH CROSS,12.910607,77.631346
hsr layout sector-7 11th main ganesha tempal,12.906864,77.634859
hsr layout sector -7 11main 24th cross,12.909675,77.633679
hsr layout sector-2 26th main,12.904359,77.65003
"HSR Layout Sector-2, 25th Mnian, Near electrical Power Station",12.90436,77.649967
"HSR LAYOUT SECTOR-4, 17THJ MAIN & 15TH CROSS",12.913602,77.642412
"HSR LAYOUT SECTOR-3, 24TH CROSS MANGAMANAPALYA",12.907574,77.640537
"HSR LAYOUT SECTOR-4, 15TH CROSS, 17TH MAIN,  NEAR KARA SCHOOL",12.913631,77.642608
IBLUR LAKE PREMISES,12.922187,77.665791
"Maintainance of park at Devarachikkanahalli near Sy No.19, in Bommanahalli zone",12.896617,77.616974
Maintainance of park at Devarachikkanahalli near burial ground  in Bommanahalli zone,12.896965,77.616205
"Btm layout,4th stage,2nd block,kptcl tamar4ind park",12.89048,77.616363
"Btm layout,4th stage,nyanapannahalli main road park",12.8846906,77.6181029
"BTM layout,4th stage1st block,3rd main road",12.891336,77.618773
"Bharath co operative society,Virat nagar",12.903399,77.620775
bengalore barth co-opertive society layout viratanagar,12.903399,77.620775
b t m layout 4th stage 1 block 3rd main 5th cross,12.891336,77.618773
B T M la 4tyout stage naynapanahalli,12.892931,77.613951
b t m layout 4th stage 2 block k p t c l park,12.914761,77.620402
"BTM layout 2nd stage SFHS part 1 & 2,miniforest ,3nd 5th cross park",12.914611,77.601046
"BTM layout 2nd stage SFHS part 1 & 2,miniforest ,3nd 5th cross park",12.914611,77.601046
KAS officers layout 37th th main Road park,12.916631,77.622373
"Kuvempu Park and Play Ground,B.T.M Layout, 2nd Stage, MICO Layout",12.914553,77.60858
"Nandana Vana, B.T.M Layout, 2nd Stage, MICO Layout Park",12.914991,77.604106
"N.S.Palya, I.PP, 1st Main Road Park",12.9112,77.601546
"B.T.M 2nd Stage S.F.H.S Part-1 (Mini Forest) Park  and 5th and 6th Cross,SFHS, Mini Forest Park",12.915339,77.601592
"B.T.M, 2nd Stage, 26 and 27th Main Road(Shakthi Ganapathi Temple Opp) Park",12.911982,77.61358
"B.T.M, 2nd Stage 28th and 29th Main Road Park(Shakthi Ganapathi Backside) Park",12.9148955,77.6149929
K.A.S Colony Park 37th main road,12.916631,77.622373
M.E.S College Backside Park (EWS Colony),12.9165455,77.6097948
"B.T.M 2nd Stage, Between 26 and 27 Main Road Park",12.913618,77.613806
I.A.S Colony Park,12.910472,77.611626
"BTM Layout, 2nd Stage Ring Road, 45th Cross, BMTC Bus Stand Vacant Park Place",12.913131,77.619526
B.T.M layout 2nd stage K.A.S Officers Layout 35th main 6th cross,12.912674,77.613569
"B.T.M Layout, 2nd Stage, Between 6th and 7th Cross Triangular Park",12.910527,77.610321
"J.P.Nagar, 3rd Stage, Part-1(Ring Road side), AnandaVana Park , J.P.Nagar, Miniforest Park Part 3 , J.P.Nagar, Miniforest Park Part- 4",12.906366,77.60074
"J.P.Nagar, 4th Stage, Dollar's Colony, 2nd Cross Park",12.9052238,77.5968946
"Maintenance of J.P Nagar 2nd StageK.S.R.T.C Layout 5th Cross Part-1 and 2 below  H.T.Line  Park",12.913818,77.592479
"Jayangar, 8th Block, Gurumurthappa Choultry Opp Park,  Laxman Rao Boulevard ""G""  Part park,  Laxman Rao Boulevard ""H"" Part park, Laxman Rao Boulevard ""I"" Part park",12.917887,77.574184
"Laxman Rao Boulevard  ""L"" Part park, Laxman Rao Boulevard ""K""  Part park,  Laxman Rao Boulevard ""J"" Part park",12.929002,77.579783
"Jayanagar, 5th Block, 11th Main Road, Ganesha Temple Opp Park (Childrens park)",12.920485,77.582432
J.P.NAGAR MINIFOREST PARK PART-4,12.915353,77.598485
J.P.NAGARA MINIFOREST PARK PART-2,12.911701,77.598745
J P Nagar 4th Stage mini forest dollors colony,12.905593,77.598257
J.P.NAGARA MINIFOREST PARK PART-3,12.913271,77.598619
CLARENCE SCHOOL NEAR MARENAHALLI GOVERNMENT SCHOOL PARK,12.903094,77.596465
K.S.R.T.C.LAYOUT PART-1 5TH AND 6TH MAIN ROAD PARK,12.911659,77.592164
J.P.NAGAR 4TH STAGE FREEDOM PARK,12.905154,77.599579
J.P.NAGAR 4TH PHASE 16TH CROSS PARK,12.905718,77.591275
J.P.NAGAR 2ND STAGE SENIOR CITIZEN PARK,12.912078,77.590861
J.P.NAGAR 8TH MAIN 1TH CROSS PARK,12.909576,77.593751
Dhanvanthri park,12.90914,77.587753
J P Nagar 2nd stage Senior Citizen ward office Backside park,12.909012,77.585952
J P Nagar 5th stage Hopcoms park,12.908594,77.584122
Park near Oxford School,12.908771,77.581075
"JP nagar 1st stage 27th main BWSSB,Oppo HT line park",12.908231,77.584424
JP nagar 1st stage KEB park near sindoor choultry.,12.90777,77.581471
JP nagar 1st stage park Below HT line,12.907989,77.580377
"JP Nagar 6th stage 30th A main 17th& 17th B Cross Kaashi Vishwanath Temple park",12.908526,77.586734
JP Nagar 5th Stage,12.907232,77.57707
JP nagara 1st stage Sindoor Kalyanamantapa Oppo park & vacant place,12.906718,77.576189
J P Nagar 2nd Stage 20th Main road below H T line park,12.907488,77.579359
JAYANAGAR 5TH BLOCK PU THI NA PARK,12.919115,77.585232
LAXMAN RAO BOULEVARD G PART PARK,12.919261,77.580463
LAXMAN RAO BOLEVARD H PART PARK,12.917908,77.580024
LAXMAN RAO BOULEVARD I PART PARK,12.920611,77.580004
LAXMAN RAO BOLULEVARD J PART PARK,12.922523,77.580002
LAXMAN RAO BOULEVARD K PART,12.922534,77.580505
"kadirenahalli park 35th cross, ring road",12.915551,77.563725
ISRO LAYOUT 7TH MAIN PARK B/W 16TH & 17TH,12.896466,77.558379
ISRO LAYOUT PARK,12.896492,77.558377
LAVA KUSHA PARK,12.908194,77.559691
KS LAYOUT 45TH PARK,12.908876,77.560993
KUMARAGIRI,12.906903,77.564496
HOYSALA KRIDANGANA PARK,12.902055,77.559345
ABDULKALAM PAARK,12.895504,77.559162
PUSHANJALI PARK,12.900574,77.55845
KUMARASWAMY LAYOUT 16TH MAIN ROAD (POLICE STATION NEAR )PARK,12.902055,77.559345
kanaka layout park,12.903284,77.565707
J.H.B.C.S.PARK,12.91158,77.563874
"KANAKA LAYOUT,2ND STAGE 4TH MAIN ROAD PARK",12.91151,77.560486
"Isro Layout, Children's Park, 16th & 17th Cross Park",12.896806,77.558121
"Diary Park, 14th Main Road, 19th and 20th Cross",12.89731,77.557675
Isro layout childrens play ground and park 1st and 2nd Main Road,12.898259,77.560772
"Isro Layout, Drainage Park",12.900143,77.562196
"Kumarswamy Layout, Triangular Park between 53rd and 58th main road",12.9049,77.562086
St.Philomina School Opp Park,12.903908,77.561387
RADHAKRISHNNA 2nd stage,12.917977,77.557691
TELECOM LAYOUT,12.912148,77.554743
SAMDRUDHI LAYOUT,12.919831,77.558264
B.H.C.S.LAYOUT,12.906782,77.550372
"R.K.LAYOUT, 3RD STAGE PARK",12.915072,77.557066
BHARATH HOUSING LAYOUT PARK PART-3,12.906462,77.554726
Bharath Housing Layout Park part-2 7th and 8th main road,12.905788,77.551005
Gangadareshwara swamy temple and lakshmikantha swamy gudda 10th and 12th main road  park,12.916647,77.559181
"R.K.Layoout, 1st Stage Park",12.914825,77.55704
K.S.R.T.C. LAYOUT PARK,12.910444,77.548882
ITTAMADU MAIN ROAD PARK,12.925178,77.547078
ITTAMADU K.E.B. PARK,12.926194,77.547686
ITTAMADU GANAPATHI TEMPLE PARK,12.925485,77.547293
BHUVANESHWARINAGAR PARK,12.923201,77.54921
DENA BANK COLONY PARK,12.919034,77.547406
"Maintainance of park at Poornapragna Layout  Tree park , 30th Main @ Uttarahalli in Bommanahalli zone",12.908071,77.534711
park at Jayanagara Housing soceity badavane Park in Uttarahalli  in Bommanahalli zone,12.906317,77.542345
park at Poornapragna Layout Tree park 35th cross @ Uttarahalli in Bommanahalli zone,12.904104,77.538013
PATTALAMMA TEMPLE UTTARAHALLI,12.903524,77.528899
"POORANA PRAGNA LAYOUT, NEAR BBMP HELP LINE",12.905313,77.537658
poorana prgana layout b m t c bus stop near park,12.902424,77.535818
BHARATH CO-OPERATIVE SOCIETY,12.9078999,77.5492051
j p nagar 5th phes najunudeswar 1st main bangalorer,12.901003,77.5911
2nd cross 3rd main panduraganagar,12.895214,77.59201
panduranga nagar opp sit adrsha app,12.8945534,77.5956726
KUMARSWMYA LAYOUT4TH MAIN 21ST CROSS,12.907482,77.562421
park at Bilekahalli BDA Approved layout park  in Bommanahalli zone,12.8850155,77.6146418
"park at BTM 4th Phase, 5th cross in Bommanahalli zone",12.884966,77.617035
"park at Vijayabank Gruhanirmana Park, 3rd main in Bommanahalli zone",12.889109,77.608827
"park at BTM 4th phase, BDA road in Bommanahalli zone",12.885751,77.615886
"Maintainance of park at BTM 4th stage, 1st and 2nd block, BDA road, Park-09, in Bommanahalli zone",12.885585,77.615992
"Maintainance of park at BTM 4th stage, 1st and 2nd block, BDA road, Park-20, in Bommanahalli zone",12.885347,77.61579
"Maintainance of park at BTM 4th stage, 1st and 2nd block, in Bommanahalli zone",12.884342,77.617987
Maintainance of park at Vijayabank Gruhanirmana Sahakara Sangha park in Bommanahalli zone,12.889035,77.609103
"Maintainance of park at BTM 4th stage, 1st and 2nd block park-19 @ Bilekahalli in Bommanahalli zone",12.884909,77.61463
Maintainance of park at Bilekahalli 10th Main in Bommanahalli zone,12.889389,77.608977
Maintainance of park at Bilekhalli layout road @ Bilekahalli in Bommanahalli zone,12.904035,77.608825
Maintainance of park at Bilekhalli near Appartment in Bommanahalli zone,12.886184,77.614216
"Maintainance of park at Bilakahalli Paduranganagra, near margin road",12.884481,77.612146
Maintainance of park at BTM 4th phase Park No-01,12.882069,77.611383
"Maintainance of park at BTM 4th phase, Park No-02 in Bommanahalli zone",12.881767,77.61462
park at BDA Approved layout Park  @ Belikahalli in Bommanahalli zone,12.90077,77.602821
park at BDA Approved Layout 4th and 8th cross @ Bilekahalli in Bommanahalli zone,12.900408,77.602979
park at Bilekhalli 3rd Main @ Bilekahalli in Bommanahalli zone,12.895823,77.607543
park at Bilekhalli 5th cross @ in Bommanahalli zone,12.889576,77.603923
"park at BTM 4th stage, 1st and 2nd block, BDA road, Park No-10 in Bommanahalli zone",12.884649,77.613517
"Btm layout,kptcl banana park",12.932365,77.611753
B T M layout 4th stage 2nd block k p t c l banana park,12.892963,77.613977
B T M LAYOUT 4TH STAGE 2 ND BLOCK  K P T C L TRYAGULR,12.889933,77.607556
VIJAYA BANK LAYOUT POLICE STATION,12.890927,77.608417
vijya bank  layout iyyapa tempal front said m,12.891486,77.606773
Singasandra govt.Hospital,12.879027,77.647245
"AECS layout,singasandra hightension line",12.872006,77.652375
park at Konanakunte M.S.Ramaiah layout Park No-04 in Bommanahalli zone,12.881992,77.589248
park at Konanakunte M.S.Ramaiah layout Park No-05 in Bommanahalli zone,12.881296,77.586614
park at Konanakunte M.S.Ramaiah layout Park No-06 in Bommanahalli zone,12.879766,77.586512
park at Kothanur village Royal lake Front View Layout in Bommanahalli zone,12.88206,77.614632
park at BTM 6th phase layout in Bommanahalli zone,12.886886,77.586159
park at Shanthinekethan Gruhanirmana badavane in Bommanahalli zone,12.881779,77.607313
park at Mico Layout 5th main in Bommanahalli zone,12.888111,77.593383
"park at Mico Layout 6th main, Lakshmipura layout road in Bommanahalli zone",12.890418,77.593538
park at Mico Layout 2nd main in Bommanahalli zone,12.88963,77.59406
park at Arakere infront of KPTCL power station in Bommanahalli zone,12.887814,77.611242
park at Arakere BTM 4th stage in Bommanahalli zone,12.886173,77.594057
Maintainance of park at  Arakere Park in Bommanahalli zone,12.878743,77.608283
Maintainance of park at Hulimavu near park at Sankara Paratishana building in Bommanahalli zone,12.877683,77.604796
Maintainance of park at  Arakere 80 feet Ring road Park in Bommanahalli zone,12.883557,77.605312
Maintainance of park at Shanthinekethan Vasavi Temple road in Bommanahalli zone,12.882216,77.603199
Hulimavu B.D.A park,12.880395,77.6032
Shanthinikethana,12.882557,77.604821
shantine kethana layout 1st main road,12.888432,77.592883
shantinekethana layout (,12.882627,77.608763
shanthinikethaShradda park,12.882743,77.603634
Maintainance of park at Gottigere Ramamanoharalohiya college back side in Bommanahalli zone,12.858313,77.589418
royal lake front layout,12.870261,77.576958
gottigere grama panchyath office,12.858507,77.589673
Royal kantri park,12.86114,77.579683
park at Konanakunte M.S.Ramaiah layout Park No-03 in Bommanahalli zone,12.881158,77.589397
park at Konanakunte RBI Colony in Bommanahalli zone,12.888849,77.580101
park at Konanakunte M.S.Ramaiah layout Park No-01 in Bommanahalli zone,12.880343,77.586281
park at Konanakunte M.S.Ramaiah layout Park No-02 in Bommanahalli zone,12.880903,77.587708
"park at Konanakunte Wilson Garden Co-Op Society Layout, 2nd main, 2nd cross park in Bommanahalli zone",12.891789,77.581031
park at RBI Layout 9th main road in Bommanahalli zone,12.890386,77.577928
"RBI Layout, 5th & 10th  Main road Park in Bommanahalli zone",12.888027,77.58057
"park at RBI Layout, 5th & 7th  Main road Park in Bommanahalli zone",12.891039,77.579854
Konanakunte RBI Colony near BBMP Office in Bommanahalli zone,12.885962,77.581726
"RBI LAYOUT 3TH MAIN, 4TH CROSS",12.883211,77.58934
"RBI LAYOUT 8TH MAIN, 7TH CROSS",12.889049,77.578253
RBI LAYOUT NEAR MUNESHWARA TEMPLE PARK,12.891557,77.578056
WILSON GARDEN HOUSE BUILDING CO-OPERATIVE SOCIETY,12.888303,77.583486
park at Konanakunte M.S.Ramaiah layout Park No-07 in Bommanahalli zone,12.880827,77.587221
park at Kothanur himagiri Medos Layout (BDA Approved )in Bommanahalli zone,12.860784,77.592477
Royal residency park,12.866106,77.563922
ROYAL RESIDENCY AVALAHALLI,12.865362,77.565312
Maintainance of park at Ramanjanehanagara 5th cross @ Uttarahalli in Bommanahalli zone,12.911716,77.546822
Maintainance of park at Arehalli AGS Layout KEB Power station road @ Uttarahalli in Bommanahalli zone,12.912079,77.537026
park at Arehalli AGS Layout 7th A Cross @ Uttarahalli in Bommanahalli zone,12.914042,77.537573
"park at Vasanthapura Maruthi layout, 3rd and 6th main road in Bommanahalli zone",12.896766,77.550698
JAYANAGARA HOSUSING SOCIETY,12.893952,77.535709
"4TH MAIN, RAMANGINEYA LAYOUT",12.894204,77.557249
BCMC Layout Park  at Raghuvanahalli - 4,12.877095,77.540399
BCMC Layout Park  at Raghuvanahalli - 5,12.878853,77.541973
BCMC Layout Park  at Raghuvanahalli - 6,12.878326,77.541514
"ConCard Garden City Residencial Layout Park.1,2 & 3",12.907785,77.509559
Krishna Garden City Layout Park,12.913068,77.507257
BHEL Remco Pattanagere Park.2,12.917747,77.508988
BCMC Layout Park  at Raghuvanahalli - 3,12.880222,77.548982
BCC Layout Part-1 Park,12.878101,77.548646
BCC Layout Part-2 Park,12.871771,77.552364
BCC Layout Part-3 Park,12.869019,77.546912
BCC Layout Part-4 CA/Park,12.871792,77.555831
BCC Layout Part-5 CA/Park,12.875827,77.548413
BCC Layout Part-6 CA/Park,12.875816,77.547734
BCC Layout Part-7 CA/Park,12.877001,77.548283
BCC Layout Part-8 CA/Park,12.876337,77.549214
BCC Layout Part-9 CA/Park,12.874677,77.548515
Maintenance of BCMC layout Park,12.880225,77.54854
Maintenance of Concard layout Park,12.906337,77.509419
Maintenance of BHEL Remco Park,12.916936,77.508755
Maintenance of BEL layout Part-2 (Neelagiri (RWA)  Park,12.861098,77.556366
